{
    "Name": "sensor-data-glue-job",
    "Role": "AWSGlueServiceRole",
    "Command": {
      "Name": "glueetl",
      "ScriptLocation": "s3://scripts/sensor-data-glue-job.py",
      "PythonVersion": "3"
    },
    "DefaultArguments": {
      "--TempDir": "s3://temp/",
      "--job-bookmark-option": "job-bookmark-disable"
    },
    "MaxRetries": 0,
    "Timeout": 2880,
    "MaxCapacity": 2.0,
    "GlueVersion": "2.0",
    "NumberOfWorkers": 10,
    "WorkerType": "Standard"
  }
  